id,customer_id,amount,status,region
1,CUST-101,500.0,PAID,US-EAST
2,CUST-104,300.0,PAID,US-WEST
3,CUST-109,200.0,REFUNDED,EU-CENTRAL
4,CUST-350,49.51,PAID,EU-CENTRAL
5,CUST-189,889.04,PAID,LATAM-NORTH
6,CUST-323,57.5,REFUNDED,US-EAST
7,CUST-674,616.32,PAID,US-EAST
8,CUST-703,515.03,PENDING,AP-SOUTH
9,CUST-877,975.13,PAID,US-EAST
10,CUST-320,421.5,REFUNDED,US-WEST
11,CUST-199,140.61,PAID,AP-SOUTH
12,CUST-847,732.4,PAID,US-EAST
13,CUST-180,167.29,PENDING,AP-SOUTH
14,CUST-982,365.95,PENDING,LATAM-NORTH
15,CUST-146,701.28,PAID,US-EAST
16,CUST-987,1182.56,PAID,US-WEST
17,CUST-266,348.01,REFUNDED,EU-CENTRAL
18,CUST-818,439.22,PAID,EU-CENTRAL
19,CUST-846,769.27,PENDING,LATAM-NORTH
20,CUST-376,212.81,PAID,AP-SOUTH
21,CUST-334,827.84,PAID,US-EAST
22,CUST-316,493.37,PAID,US-EAST
23,CUST-505,270.9,PAID,AP-SOUTH
24,CUST-862,332.56,PAID,US-WEST
25,CUST-538,330.04,PENDING,LATAM-NORTH
26,CUST-241,491.29,PENDING,US-WEST
27,CUST-981,602.35,PENDING,US-EAST
28,CUST-911,200.35,PAID,US-WEST
29,CUST-710,94.96,PENDING,AP-SOUTH
30,CUST-981,644.35,REFUNDED,LATAM-NORTH
31,CUST-798,822.73,PAID,US-EAST
32,CUST-214,926.95,PAID,EU-CENTRAL
33,CUST-839,206.63,REFUNDED,US-EAST
34,CUST-619,1166.83,PAID,US-WEST
35,CUST-723,1013.17,PAID,LATAM-NORTH
36,CUST-652,461.22,PAID,US-WEST
37,CUST-119,726.75,PAID,AP-SOUTH
38,CUST-345,1056.89,PAID,EU-CENTRAL
39,CUST-187,1056.05,PAID,US-EAST
40,CUST-884,1174.02,PAID,LATAM-NORTH
41,CUST-269,798.51,PAID,LATAM-NORTH
42,CUST-316,1049.47,PENDING,AP-SOUTH
43,CUST-830,911.21,PENDING,US-WEST
44,CUST-548,490.81,PAID,EU-CENTRAL
45,CUST-165,162.78,REFUNDED,US-WEST
46,CUST-335,44.82,PAID,LATAM-NORTH
47,CUST-334,28.49,PAID,US-EAST
48,CUST-626,1034.37,PAID,US-EAST
49,CUST-652,809.39,PAID,US-WEST
50,CUST-903,699.93,PENDING,US-WEST
51,CUST-196,972.85,REFUNDED,US-WEST
52,CUST-533,797.6,PAID,EU-CENTRAL
53,CUST-789,1039.33,REFUNDED,US-EAST
54,CUST-919,91.52,PAID,EU-CENTRAL
55,CUST-559,246.08,PAID,LATAM-NORTH
56,CUST-355,236.52,REFUNDED,AP-SOUTH
57,CUST-200,542.89,PAID,LATAM-NORTH
58,CUST-871,1006.51,PENDING,US-EAST
59,CUST-592,216.25,PAID,AP-SOUTH
60,CUST-488,1084.88,REFUNDED,US-WEST
61,CUST-902,1182.66,PAID,EU-CENTRAL
62,CUST-777,519.15,PAID,LATAM-NORTH
63,CUST-159,244.08,PAID,US-WEST
64,CUST-158,91.93,PENDING,EU-CENTRAL
65,CUST-973,709.33,PAID,LATAM-NORTH
66,CUST-182,87.12,PAID,LATAM-NORTH
67,CUST-513,722.14,PAID,US-WEST
68,CUST-140,310.53,PENDING,LATAM-NORTH
69,CUST-678,116.74,PENDING,LATAM-NORTH
70,CUST-309,393.32,PENDING,EU-CENTRAL
71,CUST-234,301.65,PAID,AP-SOUTH
72,CUST-109,393.09,REFUNDED,US-EAST
73,CUST-202,752.97,REFUNDED,LATAM-NORTH
74,CUST-371,654.41,PAID,LATAM-NORTH
75,CUST-478,1059.42,PAID,US-WEST
76,CUST-820,537.06,PAID,LATAM-NORTH
77,CUST-108,1180.95,PENDING,LATAM-NORTH
78,CUST-999,373.27,PENDING,US-EAST
79,CUST-860,332.07,PAID,US-EAST
80,CUST-315,341.37,PAID,LATAM-NORTH
81,CUST-617,831.25,PAID,EU-CENTRAL
82,CUST-194,1088.3,PAID,US-EAST
83,CUST-889,72.02,PAID,EU-CENTRAL
84,CUST-664,210.67,PAID,AP-SOUTH
85,CUST-807,31.41,PENDING,US-EAST
86,CUST-696,663.8,PAID,EU-CENTRAL
87,CUST-415,527.15,PAID,US-EAST
88,CUST-798,1080.73,PAID,US-WEST
89,CUST-995,437.34,PAID,LATAM-NORTH
90,CUST-985,904.38,PENDING,US-WEST
91,CUST-522,1171.92,PAID,US-WEST
92,CUST-901,889.15,PAID,EU-CENTRAL
93,CUST-491,334.83,PAID,US-EAST
94,CUST-458,282.47,REFUNDED,AP-SOUTH
95,CUST-328,988.23,PAID,US-WEST
96,CUST-985,490.19,PAID,EU-CENTRAL
97,CUST-509,434.35,PAID,LATAM-NORTH
98,CUST-998,1128.3,PAID,US-EAST
99,CUST-139,705.1,PAID,EU-CENTRAL
100,CUST-546,532.79,PENDING,EU-CENTRAL
101,CUST-494,1181.4,PENDING,US-EAST
102,CUST-825,244.29,PENDING,US-EAST
103,CUST-803,22.0,REFUNDED,LATAM-NORTH
104,CUST-780,449.78,PAID,US-EAST
105,CUST-837,390.42,PENDING,US-EAST
106,CUST-434,618.4,PAID,AP-SOUTH
107,CUST-530,674.21,PAID,US-WEST
108,CUST-515,746.31,PAID,EU-CENTRAL
109,CUST-540,378.57,PAID,US-WEST
110,CUST-552,792.55,PENDING,AP-SOUTH
111,CUST-584,817.24,REFUNDED,LATAM-NORTH
112,CUST-627,797.44,PAID,EU-CENTRAL
113,CUST-788,130.2,PAID,US-WEST
114,CUST-125,971.74,PAID,US-WEST
115,CUST-970,1181.04,PAID,LATAM-NORTH
116,CUST-299,509.04,REFUNDED,LATAM-NORTH
117,CUST-251,603.37,REFUNDED,US-WEST
118,CUST-897,1073.34,PAID,US-EAST
119,CUST-575,227.55,PAID,LATAM-NORTH
120,CUST-567,314.05,PENDING,US-EAST
121,CUST-672,965.67,PAID,LATAM-NORTH
122,CUST-727,1141.05,PAID,AP-SOUTH
123,CUST-556,1000.07,REFUNDED,LATAM-NORTH
124,CUST-560,897.51,PAID,AP-SOUTH
125,CUST-884,1011.04,PAID,EU-CENTRAL
126,CUST-550,759.56,REFUNDED,EU-CENTRAL
127,CUST-378,861.98,PAID,US-WEST
128,CUST-241,1073.77,PAID,US-EAST
129,CUST-823,471.98,PAID,US-WEST
130,CUST-655,509.54,PAID,EU-CENTRAL
131,CUST-498,93.47,REFUNDED,AP-SOUTH
132,CUST-977,1136.35,PENDING,US-EAST
133,CUST-460,468.85,PENDING,US-EAST
134,CUST-651,909.1,PAID,AP-SOUTH
135,CUST-324,1079.42,PENDING,AP-SOUTH
136,CUST-498,534.29,PAID,US-EAST
137,CUST-230,874.53,REFUNDED,AP-SOUTH
138,CUST-706,650.27,PENDING,AP-SOUTH
139,CUST-758,802.34,PENDING,US-EAST
140,CUST-286,180.13,REFUNDED,AP-SOUTH
141,CUST-316,326.98,PAID,EU-CENTRAL
142,CUST-384,418.25,PAID,AP-SOUTH
143,CUST-119,1005.19,PAID,AP-SOUTH
144,CUST-329,1199.89,PAID,EU-CENTRAL
145,CUST-304,910.0,PAID,US-WEST
146,CUST-584,199.81,PENDING,US-WEST
147,CUST-576,685.48,PAID,US-WEST
148,CUST-865,217.99,PAID,LATAM-NORTH
149,CUST-692,1158.37,PAID,US-EAST
150,CUST-506,699.44,PAID,AP-SOUTH
151,CUST-204,718.68,PAID,US-WEST
152,CUST-901,970.52,PENDING,LATAM-NORTH
153,CUST-777,429.7,PAID,AP-SOUTH
154,CUST-112,617.03,PAID,EU-CENTRAL
155,CUST-750,144.54,REFUNDED,EU-CENTRAL
156,CUST-280,854.62,REFUNDED,AP-SOUTH
157,CUST-730,1159.26,PENDING,EU-CENTRAL
158,CUST-546,934.08,PENDING,AP-SOUTH
159,CUST-950,336.71,PENDING,US-WEST
160,CUST-349,349.14,PAID,AP-SOUTH
161,CUST-444,740.19,PENDING,AP-SOUTH
162,CUST-286,603.28,PAID,EU-CENTRAL
163,CUST-448,438.69,PAID,EU-CENTRAL
164,CUST-669,847.4,PENDING,EU-CENTRAL
165,CUST-187,629.62,PAID,US-WEST
166,CUST-807,596.52,REFUNDED,US-WEST
167,CUST-558,782.17,REFUNDED,AP-SOUTH
168,CUST-514,129.8,PAID,US-WEST
169,CUST-584,803.47,PAID,EU-CENTRAL
170,CUST-438,425.63,PENDING,LATAM-NORTH
171,CUST-413,849.37,PAID,EU-CENTRAL
172,CUST-423,162.37,PAID,US-WEST
173,CUST-296,1142.04,PENDING,US-WEST
174,CUST-841,891.55,PAID,EU-CENTRAL
175,CUST-952,724.21,PENDING,US-EAST
176,CUST-283,369.57,PAID,EU-CENTRAL
177,CUST-380,855.46,PAID,US-WEST
178,CUST-753,672.96,PAID,US-WEST
179,CUST-391,1049.81,PAID,LATAM-NORTH
180,CUST-152,539.75,REFUNDED,US-WEST
181,CUST-216,1130.46,PAID,AP-SOUTH
182,CUST-744,600.26,REFUNDED,LATAM-NORTH
183,CUST-411,199.04,PAID,LATAM-NORTH
184,CUST-720,159.77,PAID,AP-SOUTH
185,CUST-489,286.31,PENDING,LATAM-NORTH
186,CUST-980,1092.04,REFUNDED,EU-CENTRAL
187,CUST-682,1188.24,PENDING,EU-CENTRAL
188,CUST-881,91.07,PENDING,US-EAST
189,CUST-776,758.11,PAID,EU-CENTRAL
190,CUST-176,303.04,PAID,LATAM-NORTH
191,CUST-581,502.05,PAID,LATAM-NORTH
192,CUST-819,293.14,PAID,EU-CENTRAL
193,CUST-906,831.11,PAID,EU-CENTRAL
194,CUST-330,521.66,PAID,LATAM-NORTH
195,CUST-161,995.42,PAID,US-EAST
196,CUST-395,722.15,PAID,LATAM-NORTH
197,CUST-816,573.06,PAID,EU-CENTRAL
198,CUST-548,610.56,PAID,AP-SOUTH
199,CUST-852,67.04,PENDING,AP-SOUTH
200,CUST-193,732.38,PAID,US-EAST
201,CUST-883,712.81,PENDING,US-EAST
202,CUST-581,699.97,PAID,US-WEST
203,CUST-699,1100.97,REFUNDED,US-WEST
204,CUST-193,769.05,REFUNDED,AP-SOUTH
205,CUST-428,430.59,REFUNDED,EU-CENTRAL
206,CUST-521,1032.13,PAID,EU-CENTRAL
207,CUST-933,801.85,PAID,AP-SOUTH
208,CUST-358,556.69,PAID,EU-CENTRAL
209,CUST-985,1164.82,PAID,AP-SOUTH
210,CUST-573,796.04,PAID,LATAM-NORTH
211,CUST-737,241.35,PAID,EU-CENTRAL
212,CUST-373,916.79,REFUNDED,US-WEST
213,CUST-548,174.6,PENDING,EU-CENTRAL
214,CUST-918,163.28,REFUNDED,LATAM-NORTH
215,CUST-664,857.54,PAID,EU-CENTRAL
216,CUST-961,501.43,PENDING,US-WEST
217,CUST-763,564.51,PAID,US-EAST
218,CUST-621,1120.53,REFUNDED,EU-CENTRAL
219,CUST-583,510.28,PAID,AP-SOUTH
220,CUST-295,670.49,REFUNDED,AP-SOUTH
221,CUST-984,619.72,PENDING,US-WEST
222,CUST-448,345.97,PAID,AP-SOUTH
223,CUST-843,988.25,PAID,EU-CENTRAL
224,CUST-986,704.31,PENDING,AP-SOUTH
225,CUST-453,546.93,PAID,AP-SOUTH
226,CUST-566,920.19,PENDING,AP-SOUTH
227,CUST-685,1046.13,PAID,US-WEST
228,CUST-144,1030.1,PAID,AP-SOUTH
229,CUST-495,852.17,REFUNDED,AP-SOUTH
230,CUST-229,604.49,PAID,US-EAST
231,CUST-995,411.75,PENDING,US-EAST
232,CUST-115,137.66,REFUNDED,AP-SOUTH
233,CUST-176,503.77,PAID,US-WEST
234,CUST-765,419.5,PAID,AP-SOUTH
235,CUST-489,1025.76,PAID,LATAM-NORTH
236,CUST-732,1049.41,REFUNDED,US-EAST
237,CUST-332,297.03,PAID,EU-CENTRAL
238,CUST-554,1174.44,REFUNDED,US-EAST
239,CUST-147,838.92,PAID,US-EAST
240,CUST-541,366.17,PAID,EU-CENTRAL
241,CUST-798,646.78,PAID,LATAM-NORTH
242,CUST-991,226.58,PAID,LATAM-NORTH
243,CUST-697,826.1,PENDING,AP-SOUTH
244,CUST-570,293.98,PAID,EU-CENTRAL
245,CUST-394,1080.71,PAID,AP-SOUTH
246,CUST-701,107.16,PAID,EU-CENTRAL
247,CUST-965,834.57,REFUNDED,AP-SOUTH
248,CUST-973,255.08,PAID,AP-SOUTH
249,CUST-467,299.9,PAID,LATAM-NORTH
250,CUST-122,1191.38,PAID,EU-CENTRAL
251,CUST-720,29.56,PAID,US-EAST
252,CUST-721,935.37,PAID,US-WEST
253,CUST-356,771.21,PAID,LATAM-NORTH
254,CUST-416,1086.02,PAID,US-EAST
255,CUST-192,703.9,PAID,US-WEST
256,CUST-305,902.03,PAID,US-WEST
257,CUST-643,1054.22,PENDING,EU-CENTRAL
258,CUST-363,1097.91,PENDING,US-WEST
259,CUST-864,1161.51,REFUNDED,EU-CENTRAL
260,CUST-177,968.99,PAID,AP-SOUTH
261,CUST-966,1034.97,PAID,AP-SOUTH
262,CUST-114,126.56,PAID,AP-SOUTH
263,CUST-788,165.83,PENDING,EU-CENTRAL
264,CUST-210,709.78,PAID,EU-CENTRAL
265,CUST-435,49.53,REFUNDED,LATAM-NORTH
266,CUST-750,281.21,PENDING,US-EAST
267,CUST-764,1093.08,REFUNDED,EU-CENTRAL
268,CUST-138,157.68,REFUNDED,US-EAST
269,CUST-199,1195.19,PAID,US-EAST
270,CUST-479,180.08,PENDING,AP-SOUTH
271,CUST-524,514.57,PENDING,US-WEST
272,CUST-517,1003.76,PAID,LATAM-NORTH
273,CUST-554,834.53,PAID,US-WEST
274,CUST-802,1029.43,PAID,US-EAST
275,CUST-162,1084.0,PENDING,EU-CENTRAL
276,CUST-968,345.54,REFUNDED,US-EAST
277,CUST-757,128.17,REFUNDED,US-WEST
278,CUST-905,1165.89,PENDING,US-EAST
279,CUST-905,307.41,PAID,US-WEST
280,CUST-312,100.96,PAID,LATAM-NORTH
281,CUST-436,979.4,PAID,US-WEST
282,CUST-233,23.35,PENDING,US-WEST
283,CUST-212,315.77,PENDING,US-WEST
284,CUST-908,175.53,PAID,EU-CENTRAL
285,CUST-371,402.05,PENDING,US-WEST
286,CUST-638,169.58,PAID,AP-SOUTH
287,CUST-625,581.97,PAID,EU-CENTRAL
288,CUST-729,553.37,PAID,US-WEST
289,CUST-162,375.92,PENDING,US-EAST
290,CUST-802,1019.81,REFUNDED,AP-SOUTH
291,CUST-175,598.52,PAID,AP-SOUTH
292,CUST-229,737.79,PAID,US-EAST
293,CUST-829,767.03,PENDING,LATAM-NORTH
294,CUST-643,469.47,PAID,LATAM-NORTH
295,CUST-201,616.55,REFUNDED,AP-SOUTH
296,CUST-838,1026.3,PAID,LATAM-NORTH
297,CUST-523,552.83,REFUNDED,US-WEST
298,CUST-525,996.35,PAID,AP-SOUTH
299,CUST-483,523.58,PAID,EU-CENTRAL
300,CUST-195,99.22,REFUNDED,US-EAST
301,CUST-931,133.95,REFUNDED,EU-CENTRAL
302,CUST-675,676.52,PAID,LATAM-NORTH
303,CUST-462,810.62,PAID,AP-SOUTH
304,CUST-419,1162.71,PAID,LATAM-NORTH
305,CUST-258,701.94,PAID,US-WEST
306,CUST-965,1019.78,PAID,EU-CENTRAL
307,CUST-687,155.56,PAID,EU-CENTRAL
308,CUST-728,1017.28,REFUNDED,LATAM-NORTH
309,CUST-129,50.98,PENDING,EU-CENTRAL
310,CUST-447,342.46,PAID,EU-CENTRAL
311,CUST-679,234.06,PAID,US-WEST
312,CUST-193,187.41,PAID,US-EAST
313,CUST-449,463.91,PAID,AP-SOUTH
314,CUST-895,387.73,PAID,EU-CENTRAL
315,CUST-259,120.25,PENDING,US-EAST
316,CUST-790,910.23,PAID,US-EAST
317,CUST-597,542.87,PAID,AP-SOUTH
318,CUST-873,508.74,REFUNDED,US-WEST
319,CUST-213,154.3,PENDING,AP-SOUTH
320,CUST-598,820.3,PAID,LATAM-NORTH
321,CUST-713,73.59,PAID,AP-SOUTH
322,CUST-885,261.22,PAID,US-WEST
323,CUST-107,361.55,PAID,US-EAST
324,CUST-645,227.32,REFUNDED,AP-SOUTH
325,CUST-173,610.31,PAID,EU-CENTRAL
326,CUST-179,534.74,PAID,AP-SOUTH
327,CUST-826,526.56,PENDING,AP-SOUTH
328,CUST-121,361.63,REFUNDED,AP-SOUTH
329,CUST-571,222.81,PAID,LATAM-NORTH
330,CUST-349,535.32,PAID,US-EAST
331,CUST-505,492.53,PENDING,US-EAST
332,CUST-441,900.05,PAID,US-WEST
333,CUST-643,622.37,PAID,US-EAST
334,CUST-459,1088.99,PAID,EU-CENTRAL
335,CUST-302,141.31,PAID,EU-CENTRAL
336,CUST-281,200.39,PENDING,US-EAST
337,CUST-878,567.46,REFUNDED,LATAM-NORTH
338,CUST-758,549.71,PENDING,LATAM-NORTH
339,CUST-254,401.39,PENDING,EU-CENTRAL
340,CUST-746,100.58,REFUNDED,AP-SOUTH
341,CUST-157,959.67,PAID,LATAM-NORTH
342,CUST-562,107.54,PENDING,AP-SOUTH
343,CUST-178,87.13,PAID,EU-CENTRAL
344,CUST-573,721.01,PENDING,AP-SOUTH
345,CUST-560,674.09,PENDING,US-EAST
346,CUST-719,789.17,PENDING,EU-CENTRAL
347,CUST-561,611.61,REFUNDED,US-EAST
348,CUST-831,976.94,PAID,EU-CENTRAL
349,CUST-353,782.43,PENDING,US-EAST
350,CUST-635,1189.36,REFUNDED,LATAM-NORTH
351,CUST-389,207.32,PENDING,EU-CENTRAL
352,CUST-795,502.35,REFUNDED,EU-CENTRAL
353,CUST-167,81.79,PENDING,EU-CENTRAL
354,CUST-390,131.52,PAID,AP-SOUTH
355,CUST-183,1050.47,PENDING,EU-CENTRAL
356,CUST-417,803.06,PENDING,EU-CENTRAL
357,CUST-417,172.16,REFUNDED,US-EAST
358,CUST-932,464.48,PENDING,EU-CENTRAL
359,CUST-195,810.74,PAID,LATAM-NORTH
360,CUST-416,446.96,PENDING,EU-CENTRAL
361,CUST-884,1142.38,PAID,EU-CENTRAL
362,CUST-258,287.32,PAID,US-WEST
363,CUST-619,1016.43,PAID,US-EAST
364,CUST-997,64.54,PENDING,EU-CENTRAL
365,CUST-257,174.64,PENDING,AP-SOUTH
366,CUST-928,233.4,PAID,LATAM-NORTH
367,CUST-792,71.56,REFUNDED,EU-CENTRAL
368,CUST-391,1164.11,PAID,LATAM-NORTH
369,CUST-928,650.13,PAID,EU-CENTRAL
370,CUST-551,454.05,PAID,LATAM-NORTH
371,CUST-640,938.19,PAID,LATAM-NORTH
372,CUST-241,983.93,PAID,LATAM-NORTH
373,CUST-667,776.59,PAID,EU-CENTRAL
374,CUST-185,1024.38,PENDING,EU-CENTRAL
375,CUST-250,341.89,PAID,LATAM-NORTH
376,CUST-936,1136.77,PAID,US-WEST
377,CUST-154,1117.96,PAID,AP-SOUTH
378,CUST-183,461.27,PENDING,AP-SOUTH
379,CUST-201,284.96,PAID,EU-CENTRAL
380,CUST-949,182.37,PAID,EU-CENTRAL
381,CUST-559,915.43,PAID,AP-SOUTH
382,CUST-362,1088.91,PAID,US-EAST
383,CUST-640,667.59,PAID,LATAM-NORTH
384,CUST-408,935.88,PAID,US-WEST
385,CUST-568,301.36,PAID,LATAM-NORTH
386,CUST-711,1007.29,PAID,AP-SOUTH
387,CUST-347,765.71,PAID,LATAM-NORTH
388,CUST-461,526.5,PAID,LATAM-NORTH
389,CUST-636,511.55,PENDING,US-EAST
390,CUST-657,99.86,PAID,LATAM-NORTH
391,CUST-994,673.9,PENDING,AP-SOUTH
392,CUST-482,71.37,REFUNDED,AP-SOUTH
393,CUST-907,901.83,PAID,EU-CENTRAL
394,CUST-890,304.53,PAID,US-EAST
395,CUST-659,177.42,PAID,EU-CENTRAL
396,CUST-812,999.85,PAID,AP-SOUTH
397,CUST-833,977.57,PAID,US-EAST
398,CUST-910,366.26,PAID,US-EAST
399,CUST-627,392.4,PAID,EU-CENTRAL
400,CUST-871,578.61,PENDING,US-EAST
401,CUST-986,357.61,PAID,US-EAST
402,CUST-547,166.88,PAID,EU-CENTRAL
403,CUST-447,1075.67,REFUNDED,AP-SOUTH
404,CUST-476,605.52,PAID,AP-SOUTH
405,CUST-180,965.35,PAID,AP-SOUTH
406,CUST-658,1194.22,PENDING,US-WEST
407,CUST-435,399.03,PAID,US-EAST
408,CUST-270,546.18,PAID,AP-SOUTH
409,CUST-729,547.61,PAID,EU-CENTRAL
410,CUST-176,774.57,PAID,US-EAST
411,CUST-131,625.44,PAID,US-WEST
412,CUST-135,820.14,PENDING,AP-SOUTH
413,CUST-470,99.34,PAID,EU-CENTRAL
414,CUST-795,58.21,PENDING,US-WEST
415,CUST-554,1139.61,REFUNDED,EU-CENTRAL
416,CUST-475,697.23,PAID,LATAM-NORTH
417,CUST-216,786.48,PAID,US-WEST
418,CUST-675,608.87,PAID,AP-SOUTH
419,CUST-319,934.46,PAID,AP-SOUTH
420,CUST-304,838.9,PAID,AP-SOUTH
421,CUST-276,1026.34,PAID,AP-SOUTH
422,CUST-783,976.41,PAID,EU-CENTRAL
423,CUST-407,669.0,PAID,EU-CENTRAL
424,CUST-329,956.56,PAID,LATAM-NORTH
425,CUST-909,954.64,PAID,US-WEST
426,CUST-477,445.86,PAID,LATAM-NORTH
427,CUST-167,173.13,PENDING,US-EAST
428,CUST-638,489.83,PAID,AP-SOUTH
429,CUST-228,991.54,REFUNDED,US-EAST
430,CUST-577,777.96,PAID,AP-SOUTH
431,CUST-755,171.43,PAID,LATAM-NORTH
432,CUST-543,925.98,PAID,US-WEST
433,CUST-256,1001.04,PAID,LATAM-NORTH
434,CUST-454,211.12,PAID,US-WEST
435,CUST-301,1018.2,PAID,EU-CENTRAL
436,CUST-729,167.7,PAID,EU-CENTRAL
437,CUST-706,613.04,PAID,US-WEST
438,CUST-837,222.02,PAID,LATAM-NORTH
439,CUST-142,1014.19,PAID,LATAM-NORTH
440,CUST-371,73.64,PAID,LATAM-NORTH
441,CUST-609,511.57,PENDING,US-EAST
442,CUST-594,361.81,PENDING,EU-CENTRAL
443,CUST-404,969.53,PAID,AP-SOUTH
444,CUST-550,832.56,PAID,US-WEST
445,CUST-721,568.04,REFUNDED,EU-CENTRAL
446,CUST-851,388.85,PAID,EU-CENTRAL
447,CUST-627,174.3,REFUNDED,EU-CENTRAL
448,CUST-577,145.3,PENDING,US-WEST
449,CUST-244,335.62,PAID,US-WEST
450,CUST-984,362.45,PAID,AP-SOUTH
451,CUST-933,312.96,REFUNDED,US-WEST
452,CUST-294,1121.83,PAID,EU-CENTRAL
453,CUST-610,1195.24,REFUNDED,AP-SOUTH
454,CUST-502,606.9,PAID,US-EAST
455,CUST-697,1160.69,REFUNDED,US-WEST
456,CUST-606,77.42,PAID,EU-CENTRAL
457,CUST-967,357.18,REFUNDED,US-EAST
458,CUST-844,528.49,PAID,EU-CENTRAL
459,CUST-152,451.81,REFUNDED,AP-SOUTH
460,CUST-666,682.94,PENDING,EU-CENTRAL
461,CUST-561,106.77,PAID,LATAM-NORTH
462,CUST-796,993.87,PAID,LATAM-NORTH
463,CUST-503,171.82,PAID,US-EAST
464,CUST-873,678.24,PAID,EU-CENTRAL
465,CUST-612,730.91,PAID,AP-SOUTH
466,CUST-923,65.92,PAID,EU-CENTRAL
467,CUST-627,559.25,PENDING,LATAM-NORTH
468,CUST-426,407.0,PAID,LATAM-NORTH
469,CUST-707,1188.93,REFUNDED,EU-CENTRAL
470,CUST-645,618.63,PAID,LATAM-NORTH
471,CUST-477,373.75,PENDING,US-EAST
472,CUST-697,815.09,PAID,AP-SOUTH
473,CUST-771,724.35,PAID,EU-CENTRAL
474,CUST-697,288.5,PENDING,US-EAST
475,CUST-893,221.2,REFUNDED,LATAM-NORTH
476,CUST-132,194.38,REFUNDED,US-WEST
477,CUST-295,1138.88,PENDING,US-EAST
478,CUST-255,540.43,PAID,AP-SOUTH
479,CUST-582,504.25,PAID,LATAM-NORTH
480,CUST-432,632.05,PAID,LATAM-NORTH
481,CUST-570,464.65,PENDING,US-WEST
482,CUST-792,423.95,PENDING,EU-CENTRAL
483,CUST-352,739.89,PAID,US-WEST
484,CUST-889,372.23,PENDING,EU-CENTRAL
485,CUST-424,851.78,PAID,AP-SOUTH
486,CUST-394,681.38,PAID,EU-CENTRAL
487,CUST-504,818.41,PENDING,AP-SOUTH
488,CUST-397,1146.44,PAID,US-WEST
489,CUST-454,1147.27,PAID,US-EAST
490,CUST-306,901.86,PAID,US-WEST
491,CUST-240,1120.97,PAID,EU-CENTRAL
492,CUST-348,894.25,PENDING,US-WEST
493,CUST-331,810.4,PAID,LATAM-NORTH
494,CUST-834,138.23,PAID,EU-CENTRAL
495,CUST-105,823.81,PAID,US-WEST
496,CUST-588,500.15,PAID,AP-SOUTH
497,CUST-887,398.98,PAID,US-EAST
498,CUST-279,294.02,PENDING,US-EAST
499,CUST-137,1061.05,REFUNDED,US-WEST
500,CUST-866,949.79,REFUNDED,US-WEST
501,CUST-405,1054.56,PAID,US-EAST
502,CUST-391,146.61,PENDING,EU-CENTRAL
503,CUST-636,1187.14,REFUNDED,LATAM-NORTH
504,CUST-971,1069.33,REFUNDED,US-WEST
505,CUST-928,572.26,PENDING,US-WEST
506,CUST-763,410.21,PAID,AP-SOUTH
507,CUST-909,36.62,PAID,EU-CENTRAL
508,CUST-279,815.79,PENDING,US-WEST
509,CUST-946,1030.25,PENDING,AP-SOUTH
510,CUST-510,628.03,REFUNDED,US-EAST
511,CUST-588,238.04,PAID,US-WEST
512,CUST-341,28.06,PAID,AP-SOUTH
513,CUST-696,1145.76,PAID,EU-CENTRAL
514,CUST-809,328.63,PAID,EU-CENTRAL
515,CUST-414,807.99,PAID,AP-SOUTH
516,CUST-806,829.57,REFUNDED,EU-CENTRAL
517,CUST-476,773.68,PAID,EU-CENTRAL
518,CUST-589,278.57,PAID,US-WEST
519,CUST-482,902.33,REFUNDED,LATAM-NORTH
520,CUST-875,848.29,REFUNDED,AP-SOUTH
521,CUST-880,966.35,PENDING,US-WEST
522,CUST-994,822.8,PAID,LATAM-NORTH
523,CUST-179,547.16,PENDING,EU-CENTRAL
524,CUST-617,152.41,PENDING,LATAM-NORTH
525,CUST-268,695.79,PAID,US-WEST
526,CUST-834,541.37,PENDING,US-WEST
527,CUST-556,596.82,PENDING,LATAM-NORTH
528,CUST-525,555.05,PAID,LATAM-NORTH
529,CUST-788,88.13,PENDING,AP-SOUTH
530,CUST-360,873.47,PAID,AP-SOUTH
531,CUST-533,702.41,PAID,US-EAST
532,CUST-170,658.57,PAID,US-EAST
533,CUST-887,358.77,PAID,US-WEST
534,CUST-559,461.86,REFUNDED,AP-SOUTH
535,CUST-236,463.26,REFUNDED,LATAM-NORTH
536,CUST-502,159.99,PAID,LATAM-NORTH
537,CUST-954,878.87,PAID,US-WEST
538,CUST-789,1174.62,PAID,AP-SOUTH
539,CUST-353,647.68,REFUNDED,US-WEST
540,CUST-293,428.47,REFUNDED,EU-CENTRAL
541,CUST-729,58.02,PAID,AP-SOUTH
542,CUST-708,263.18,PAID,US-EAST
543,CUST-350,725.39,REFUNDED,US-EAST
544,CUST-652,494.67,PAID,US-WEST
545,CUST-339,185.36,PAID,EU-CENTRAL
546,CUST-342,701.42,PAID,EU-CENTRAL
547,CUST-326,1183.12,PAID,LATAM-NORTH
548,CUST-705,344.68,PAID,LATAM-NORTH
549,CUST-452,675.9,REFUNDED,US-EAST
550,CUST-813,947.25,REFUNDED,EU-CENTRAL
551,CUST-485,501.75,REFUNDED,EU-CENTRAL
552,CUST-346,910.21,PAID,AP-SOUTH
553,CUST-925,1031.9,PAID,US-WEST
554,CUST-670,683.62,PAID,AP-SOUTH
555,CUST-308,478.33,PAID,EU-CENTRAL
556,CUST-194,1108.23,PAID,EU-CENTRAL
557,CUST-789,80.81,PAID,AP-SOUTH
558,CUST-292,66.67,PENDING,US-EAST
559,CUST-322,874.68,PENDING,LATAM-NORTH
560,CUST-410,266.49,REFUNDED,EU-CENTRAL
561,CUST-859,269.93,PAID,US-WEST
562,CUST-820,1099.04,REFUNDED,LATAM-NORTH
563,CUST-665,488.03,PAID,US-WEST
564,CUST-764,469.18,PAID,LATAM-NORTH
565,CUST-609,328.64,PAID,LATAM-NORTH
566,CUST-879,967.32,PAID,AP-SOUTH
567,CUST-146,457.43,PAID,AP-SOUTH
568,CUST-367,894.68,PAID,US-EAST
569,CUST-402,703.39,PENDING,AP-SOUTH
570,CUST-488,251.51,PAID,US-WEST
571,CUST-363,609.18,PAID,EU-CENTRAL
572,CUST-273,563.78,REFUNDED,EU-CENTRAL
573,CUST-288,869.97,PAID,AP-SOUTH
574,CUST-937,638.25,PAID,US-EAST
575,CUST-169,506.62,PAID,US-WEST
576,CUST-482,278.09,PAID,AP-SOUTH
577,CUST-594,772.52,PENDING,LATAM-NORTH
578,CUST-664,38.56,REFUNDED,LATAM-NORTH
579,CUST-839,33.98,REFUNDED,LATAM-NORTH
580,CUST-117,652.17,PAID,EU-CENTRAL
581,CUST-209,971.28,REFUNDED,US-WEST
582,CUST-296,638.77,PAID,US-WEST
583,CUST-373,317.85,PENDING,EU-CENTRAL
584,CUST-570,113.24,REFUNDED,AP-SOUTH
585,CUST-407,306.99,PENDING,US-WEST
586,CUST-195,791.41,PAID,US-EAST
587,CUST-157,465.06,REFUNDED,AP-SOUTH
588,CUST-611,849.36,PAID,US-EAST
589,CUST-640,687.71,PAID,US-EAST
590,CUST-586,269.47,PAID,LATAM-NORTH
591,CUST-656,1110.51,PAID,EU-CENTRAL
592,CUST-116,231.64,PAID,EU-CENTRAL
593,CUST-178,190.15,PENDING,AP-SOUTH
594,CUST-680,211.69,PAID,US-WEST
595,CUST-909,411.44,PENDING,US-WEST
596,CUST-154,610.94,PAID,EU-CENTRAL
597,CUST-448,293.93,REFUNDED,US-EAST
598,CUST-506,927.43,PENDING,LATAM-NORTH
599,CUST-902,54.96,PAID,EU-CENTRAL
600,CUST-484,289.2,REFUNDED,LATAM-NORTH
601,CUST-776,239.17,REFUNDED,LATAM-NORTH
602,CUST-402,121.12,REFUNDED,LATAM-NORTH
603,CUST-374,861.47,PAID,US-EAST
604,CUST-857,859.78,REFUNDED,US-WEST
605,CUST-193,393.68,REFUNDED,US-EAST
606,CUST-468,1132.69,PAID,AP-SOUTH
607,CUST-541,176.36,PAID,US-WEST
608,CUST-205,674.59,PENDING,AP-SOUTH
609,CUST-195,125.75,PAID,LATAM-NORTH
610,CUST-112,945.64,PENDING,AP-SOUTH
611,CUST-842,508.3,PAID,US-EAST
612,CUST-801,694.91,PAID,US-WEST
613,CUST-374,183.83,PAID,EU-CENTRAL
614,CUST-382,94.66,PAID,AP-SOUTH
615,CUST-469,591.39,PAID,US-EAST
616,CUST-708,870.66,PAID,AP-SOUTH
617,CUST-411,560.28,PAID,US-WEST
618,CUST-489,412.02,REFUNDED,LATAM-NORTH
619,CUST-935,539.46,PAID,AP-SOUTH
620,CUST-811,374.51,PAID,LATAM-NORTH
621,CUST-426,390.74,REFUNDED,AP-SOUTH
622,CUST-689,887.15,PAID,AP-SOUTH
623,CUST-473,463.75,PAID,AP-SOUTH
624,CUST-284,255.76,PENDING,LATAM-NORTH
625,CUST-825,51.76,PENDING,AP-SOUTH
626,CUST-951,537.38,PAID,EU-CENTRAL
627,CUST-748,814.11,REFUNDED,US-WEST
628,CUST-832,305.58,PAID,US-WEST
629,CUST-590,107.28,REFUNDED,LATAM-NORTH
630,CUST-990,492.95,PENDING,LATAM-NORTH
631,CUST-818,661.5,REFUNDED,EU-CENTRAL
632,CUST-211,720.71,PENDING,US-EAST
633,CUST-270,795.97,PAID,EU-CENTRAL
634,CUST-870,684.6,PAID,AP-SOUTH
635,CUST-364,145.01,REFUNDED,US-EAST
636,CUST-671,622.6,PAID,LATAM-NORTH
637,CUST-500,280.82,PENDING,EU-CENTRAL
638,CUST-807,931.36,REFUNDED,LATAM-NORTH
639,CUST-594,197.88,PENDING,US-EAST
640,CUST-218,368.61,PAID,US-EAST
641,CUST-903,388.03,PAID,AP-SOUTH
642,CUST-199,589.85,PENDING,AP-SOUTH
643,CUST-426,871.95,REFUNDED,AP-SOUTH
644,CUST-123,374.31,PAID,US-EAST
645,CUST-858,819.02,PAID,US-WEST
646,CUST-438,225.85,PENDING,US-WEST
647,CUST-337,523.12,PENDING,AP-SOUTH
648,CUST-755,763.12,REFUNDED,US-WEST
649,CUST-302,486.79,REFUNDED,LATAM-NORTH
650,CUST-104,718.8,REFUNDED,AP-SOUTH
651,CUST-691,262.83,PAID,US-EAST
652,CUST-301,240.61,PENDING,EU-CENTRAL
653,CUST-640,154.47,REFUNDED,AP-SOUTH
654,CUST-501,724.43,PAID,LATAM-NORTH
655,CUST-732,430.55,PAID,AP-SOUTH
656,CUST-186,1104.05,PAID,LATAM-NORTH
657,CUST-219,159.08,PAID,EU-CENTRAL
658,CUST-497,838.26,PAID,LATAM-NORTH
659,CUST-533,182.68,PENDING,AP-SOUTH
660,CUST-810,594.27,PAID,LATAM-NORTH
661,CUST-243,216.9,PENDING,EU-CENTRAL
662,CUST-734,391.2,PAID,AP-SOUTH
663,CUST-239,1143.17,PAID,AP-SOUTH
664,CUST-768,1157.32,REFUNDED,LATAM-NORTH
665,CUST-525,502.78,REFUNDED,AP-SOUTH
666,CUST-678,596.67,REFUNDED,US-EAST
667,CUST-399,959.14,PAID,US-WEST
668,CUST-272,285.32,PAID,EU-CENTRAL
669,CUST-662,896.17,PENDING,AP-SOUTH
670,CUST-374,153.59,PENDING,US-EAST
671,CUST-655,991.47,PENDING,EU-CENTRAL
672,CUST-659,916.8,PAID,AP-SOUTH
673,CUST-404,140.85,REFUNDED,US-WEST
674,CUST-982,550.68,PAID,EU-CENTRAL
675,CUST-894,1041.04,REFUNDED,US-EAST
676,CUST-805,267.66,PAID,LATAM-NORTH
677,CUST-730,766.67,PENDING,US-WEST
678,CUST-924,946.12,PAID,US-WEST
679,CUST-711,433.96,PENDING,EU-CENTRAL
680,CUST-396,218.69,PENDING,EU-CENTRAL
681,CUST-795,335.46,PENDING,LATAM-NORTH
682,CUST-160,179.99,PAID,AP-SOUTH
683,CUST-355,847.68,PAID,US-WEST
684,CUST-601,997.61,PAID,AP-SOUTH
685,CUST-484,766.23,PENDING,AP-SOUTH
686,CUST-512,109.11,REFUNDED,US-EAST
687,CUST-565,904.77,PENDING,EU-CENTRAL
688,CUST-989,406.2,REFUNDED,US-EAST
689,CUST-750,882.5,PAID,AP-SOUTH
690,CUST-323,958.9,PAID,AP-SOUTH
691,CUST-948,603.76,PAID,EU-CENTRAL
692,CUST-679,665.83,PAID,US-WEST
693,CUST-147,1075.1,PAID,US-EAST
694,CUST-551,39.21,REFUNDED,US-WEST
695,CUST-307,20.8,REFUNDED,AP-SOUTH
696,CUST-262,1060.93,PAID,EU-CENTRAL
697,CUST-184,792.41,PAID,EU-CENTRAL
698,CUST-843,81.11,PAID,EU-CENTRAL
699,CUST-101,793.47,REFUNDED,US-EAST
700,CUST-707,582.63,PAID,US-WEST
701,CUST-108,822.38,PENDING,US-EAST
702,CUST-810,984.19,PAID,AP-SOUTH
703,CUST-191,103.58,REFUNDED,AP-SOUTH
704,CUST-406,141.78,PAID,EU-CENTRAL
705,CUST-756,932.68,REFUNDED,US-WEST
706,CUST-108,100.73,PAID,LATAM-NORTH
707,CUST-743,539.32,PAID,US-WEST
708,CUST-980,746.97,REFUNDED,AP-SOUTH
709,CUST-243,122.29,PAID,US-EAST
710,CUST-539,881.41,PENDING,EU-CENTRAL
711,CUST-383,953.47,PAID,US-WEST
712,CUST-838,673.01,PAID,LATAM-NORTH
713,CUST-968,939.18,PAID,US-EAST
714,CUST-293,630.94,PAID,LATAM-NORTH
715,CUST-606,782.48,PAID,US-WEST
716,CUST-172,304.48,PAID,LATAM-NORTH
717,CUST-235,1184.52,PAID,EU-CENTRAL
718,CUST-799,516.62,PENDING,LATAM-NORTH
719,CUST-117,920.02,PAID,US-EAST
720,CUST-140,36.28,PAID,US-WEST
721,CUST-885,617.8,REFUNDED,LATAM-NORTH
722,CUST-184,519.82,REFUNDED,AP-SOUTH
723,CUST-384,654.43,PENDING,US-WEST
724,CUST-308,385.69,PAID,LATAM-NORTH
725,CUST-749,405.57,PENDING,LATAM-NORTH
726,CUST-847,386.0,PAID,AP-SOUTH
727,CUST-218,308.49,PAID,AP-SOUTH
728,CUST-782,738.42,PENDING,EU-CENTRAL
729,CUST-818,160.94,PAID,US-WEST
730,CUST-635,605.77,PAID,EU-CENTRAL
731,CUST-867,217.02,PAID,US-WEST
732,CUST-443,930.29,PAID,US-EAST
733,CUST-829,638.15,PAID,EU-CENTRAL
734,CUST-468,605.45,PAID,LATAM-NORTH
735,CUST-476,1034.04,REFUNDED,US-WEST
736,CUST-687,321.04,PAID,US-EAST
737,CUST-145,894.12,PAID,US-EAST
738,CUST-492,74.26,PAID,EU-CENTRAL
739,CUST-666,1118.77,PAID,US-EAST
740,CUST-837,399.73,PAID,AP-SOUTH
741,CUST-481,994.68,PAID,LATAM-NORTH
742,CUST-283,814.52,PENDING,US-EAST
743,CUST-510,969.12,PAID,US-EAST
744,CUST-435,1041.92,REFUNDED,EU-CENTRAL
745,CUST-477,672.65,PAID,US-EAST
746,CUST-857,685.29,PAID,EU-CENTRAL
747,CUST-605,567.43,PAID,LATAM-NORTH
748,CUST-254,917.37,PENDING,US-WEST
749,CUST-338,1120.23,PAID,US-EAST
750,CUST-443,770.41,PAID,US-EAST
751,CUST-206,1021.83,REFUNDED,EU-CENTRAL
752,CUST-529,645.18,PAID,US-WEST
753,CUST-828,1167.62,PAID,US-WEST
754,CUST-965,71.8,PAID,US-WEST
755,CUST-569,847.0,REFUNDED,EU-CENTRAL
756,CUST-236,705.31,PAID,LATAM-NORTH
757,CUST-545,718.44,PAID,US-EAST
758,CUST-920,364.18,PAID,EU-CENTRAL
759,CUST-339,395.31,PAID,EU-CENTRAL
760,CUST-211,180.61,PAID,LATAM-NORTH
761,CUST-421,213.96,PAID,AP-SOUTH
762,CUST-562,652.39,PAID,US-WEST
763,CUST-192,332.71,REFUNDED,US-EAST
764,CUST-946,972.96,PAID,EU-CENTRAL
765,CUST-251,273.72,PAID,EU-CENTRAL
766,CUST-625,1162.71,PAID,AP-SOUTH
767,CUST-131,327.0,PAID,US-WEST
768,CUST-355,676.03,REFUNDED,LATAM-NORTH
769,CUST-224,565.21,PAID,US-WEST
770,CUST-233,999.84,PAID,US-WEST
771,CUST-696,459.24,REFUNDED,US-EAST
772,CUST-122,325.41,PENDING,US-EAST
773,CUST-928,253.35,PAID,AP-SOUTH
774,CUST-225,1087.99,PAID,EU-CENTRAL
775,CUST-543,79.75,REFUNDED,LATAM-NORTH
776,CUST-799,605.43,REFUNDED,AP-SOUTH
777,CUST-291,223.91,REFUNDED,US-WEST
778,CUST-135,350.23,PAID,US-WEST
779,CUST-610,748.03,PENDING,EU-CENTRAL
780,CUST-162,1061.68,REFUNDED,AP-SOUTH
781,CUST-529,350.14,PAID,US-WEST
782,CUST-913,313.99,PENDING,LATAM-NORTH
783,CUST-591,1187.5,PAID,EU-CENTRAL
784,CUST-614,425.96,REFUNDED,LATAM-NORTH
785,CUST-126,478.29,PAID,US-WEST
786,CUST-159,278.44,PENDING,EU-CENTRAL
787,CUST-338,644.73,REFUNDED,LATAM-NORTH
788,CUST-372,138.16,PAID,US-WEST
789,CUST-689,921.58,PAID,US-WEST
790,CUST-280,1123.54,PAID,US-WEST
791,CUST-705,395.25,PENDING,EU-CENTRAL
792,CUST-681,850.07,PAID,EU-CENTRAL
793,CUST-956,684.47,PAID,US-WEST
794,CUST-138,384.68,PENDING,AP-SOUTH
795,CUST-324,86.28,PAID,LATAM-NORTH
796,CUST-728,584.03,PENDING,EU-CENTRAL
797,CUST-834,971.61,PAID,EU-CENTRAL
798,CUST-700,90.28,PAID,US-WEST
799,CUST-174,1018.85,PAID,EU-CENTRAL
800,CUST-409,711.5,REFUNDED,EU-CENTRAL
801,CUST-849,181.01,PAID,US-WEST
802,CUST-824,786.03,REFUNDED,US-WEST
803,CUST-905,838.4,PENDING,LATAM-NORTH
804,CUST-934,283.42,PAID,LATAM-NORTH
805,CUST-230,382.05,REFUNDED,EU-CENTRAL
806,CUST-500,880.02,PAID,LATAM-NORTH
807,CUST-928,234.86,PAID,EU-CENTRAL
808,CUST-608,774.78,PAID,US-EAST
809,CUST-455,899.51,PAID,US-WEST
810,CUST-941,770.7,PAID,US-EAST
811,CUST-355,33.45,REFUNDED,US-WEST
812,CUST-837,433.57,PAID,US-EAST
813,CUST-270,475.41,PAID,AP-SOUTH
814,CUST-659,1060.49,REFUNDED,EU-CENTRAL
815,CUST-907,139.69,REFUNDED,AP-SOUTH
816,CUST-266,788.14,PENDING,US-WEST
817,CUST-401,106.98,REFUNDED,US-EAST
818,CUST-175,396.09,PAID,US-EAST
819,CUST-849,1067.76,PAID,US-WEST
820,CUST-446,1131.36,PENDING,US-EAST
821,CUST-821,1182.63,PENDING,AP-SOUTH
822,CUST-721,528.96,PAID,US-WEST
823,CUST-310,83.2,PAID,EU-CENTRAL
824,CUST-371,842.69,REFUNDED,LATAM-NORTH
825,CUST-150,370.93,PAID,US-EAST
826,CUST-257,668.6,PENDING,AP-SOUTH
827,CUST-189,445.78,PAID,AP-SOUTH
828,CUST-126,586.79,PENDING,US-EAST
829,CUST-183,221.58,PAID,EU-CENTRAL
830,CUST-582,383.86,PAID,AP-SOUTH
831,CUST-496,127.54,PAID,LATAM-NORTH
832,CUST-291,1064.88,PAID,EU-CENTRAL
833,CUST-369,330.69,PAID,AP-SOUTH
834,CUST-870,685.81,PAID,US-WEST
835,CUST-523,808.41,PAID,LATAM-NORTH
836,CUST-938,673.25,PAID,AP-SOUTH
837,CUST-686,1159.44,REFUNDED,AP-SOUTH
838,CUST-504,581.99,PAID,US-EAST
839,CUST-919,694.04,PENDING,LATAM-NORTH
840,CUST-250,819.49,PENDING,LATAM-NORTH
841,CUST-277,1140.12,PAID,AP-SOUTH
842,CUST-143,973.98,PAID,US-WEST
843,CUST-306,1186.17,PAID,AP-SOUTH
844,CUST-189,324.31,PENDING,US-EAST
845,CUST-433,676.51,REFUNDED,LATAM-NORTH
846,CUST-905,633.23,PAID,US-EAST
847,CUST-215,636.62,PENDING,AP-SOUTH
848,CUST-702,196.58,REFUNDED,LATAM-NORTH
849,CUST-208,914.89,PENDING,US-EAST
850,CUST-988,939.86,PENDING,EU-CENTRAL
851,CUST-370,1058.56,PENDING,AP-SOUTH
852,CUST-723,792.65,REFUNDED,LATAM-NORTH
853,CUST-512,64.21,REFUNDED,EU-CENTRAL
854,CUST-139,749.53,PAID,AP-SOUTH
855,CUST-863,834.81,PAID,US-EAST
856,CUST-445,1078.5,PAID,US-EAST
857,CUST-978,350.81,PAID,AP-SOUTH
858,CUST-892,178.57,PAID,AP-SOUTH
859,CUST-761,879.98,PAID,LATAM-NORTH
860,CUST-858,541.23,PAID,AP-SOUTH
861,CUST-627,1043.28,PENDING,US-EAST
862,CUST-513,97.43,PAID,LATAM-NORTH
863,CUST-277,1057.61,PENDING,US-EAST
864,CUST-957,1052.71,PAID,US-WEST
865,CUST-469,59.02,PAID,US-EAST
866,CUST-617,454.66,PAID,AP-SOUTH
867,CUST-481,823.79,PAID,US-WEST
868,CUST-700,546.4,PENDING,AP-SOUTH
869,CUST-957,432.72,PENDING,US-WEST
870,CUST-391,903.77,PAID,US-EAST
871,CUST-898,78.59,REFUNDED,LATAM-NORTH
872,CUST-793,1031.39,PAID,US-WEST
873,CUST-120,788.87,PAID,LATAM-NORTH
874,CUST-715,1095.59,REFUNDED,US-WEST
875,CUST-924,284.05,PAID,LATAM-NORTH
876,CUST-972,520.09,PAID,AP-SOUTH
877,CUST-409,317.36,REFUNDED,AP-SOUTH
878,CUST-698,992.69,PENDING,AP-SOUTH
879,CUST-674,28.67,PAID,EU-CENTRAL
880,CUST-593,353.56,PENDING,US-EAST
881,CUST-755,416.81,PAID,EU-CENTRAL
882,CUST-292,328.15,PAID,EU-CENTRAL
883,CUST-924,923.26,PENDING,US-EAST
884,CUST-797,496.84,PENDING,EU-CENTRAL
885,CUST-402,871.11,PAID,AP-SOUTH
886,CUST-697,497.43,REFUNDED,US-EAST
887,CUST-843,982.9,PENDING,EU-CENTRAL
888,CUST-787,829.86,PAID,AP-SOUTH
889,CUST-960,374.23,PENDING,US-WEST
890,CUST-582,233.74,PENDING,US-EAST
891,CUST-881,894.28,PAID,LATAM-NORTH
892,CUST-463,792.23,PAID,US-WEST
893,CUST-480,516.16,PAID,EU-CENTRAL
894,CUST-581,366.98,PENDING,US-EAST
895,CUST-694,1042.34,PAID,LATAM-NORTH
896,CUST-612,577.22,PAID,US-WEST
897,CUST-155,645.21,REFUNDED,AP-SOUTH
898,CUST-450,182.09,PAID,US-WEST
899,CUST-246,1073.56,PENDING,AP-SOUTH
900,CUST-897,1037.62,PAID,US-WEST
901,CUST-420,412.5,REFUNDED,US-WEST
902,CUST-314,25.56,PAID,EU-CENTRAL
903,CUST-904,922.09,PENDING,AP-SOUTH
904,CUST-748,172.7,PAID,AP-SOUTH
905,CUST-492,526.25,REFUNDED,AP-SOUTH
906,CUST-848,64.52,PAID,US-WEST
907,CUST-295,1072.57,PAID,LATAM-NORTH
908,CUST-331,759.49,PAID,US-WEST
909,CUST-615,172.14,PAID,AP-SOUTH
910,CUST-405,217.08,PAID,US-EAST
911,CUST-636,878.84,REFUNDED,LATAM-NORTH
912,CUST-450,531.72,PAID,US-WEST
913,CUST-931,905.14,PAID,US-WEST
914,CUST-316,289.53,PAID,US-WEST
915,CUST-475,615.47,PENDING,US-EAST
916,CUST-889,462.73,PAID,EU-CENTRAL
917,CUST-777,77.33,PENDING,US-EAST
918,CUST-149,791.21,PAID,US-EAST
919,CUST-660,544.29,REFUNDED,US-EAST
920,CUST-310,579.79,PAID,US-WEST
921,CUST-778,516.63,PAID,US-EAST
922,CUST-528,754.9,PAID,US-WEST
923,CUST-389,868.14,PENDING,US-EAST
924,CUST-303,946.02,PAID,AP-SOUTH
925,CUST-306,937.99,PAID,LATAM-NORTH
926,CUST-661,368.51,REFUNDED,US-EAST
927,CUST-438,1094.22,REFUNDED,AP-SOUTH
928,CUST-213,23.23,PAID,US-EAST
929,CUST-898,195.99,REFUNDED,US-EAST
930,CUST-362,108.56,PENDING,US-EAST
931,CUST-370,558.97,PAID,EU-CENTRAL
932,CUST-995,137.77,PAID,US-WEST
933,CUST-536,445.05,PAID,EU-CENTRAL
934,CUST-109,1024.47,PAID,US-EAST
935,CUST-736,407.82,PAID,AP-SOUTH
936,CUST-287,459.69,PAID,EU-CENTRAL
937,CUST-378,492.3,REFUNDED,AP-SOUTH
938,CUST-919,834.08,REFUNDED,AP-SOUTH
939,CUST-215,785.64,REFUNDED,US-WEST
940,CUST-964,841.48,PAID,US-EAST
941,CUST-594,510.91,PAID,LATAM-NORTH
942,CUST-897,233.89,REFUNDED,AP-SOUTH
943,CUST-594,741.4,PAID,US-WEST
944,CUST-147,1067.36,PAID,AP-SOUTH
945,CUST-821,792.87,PAID,US-EAST
946,CUST-785,874.05,PENDING,US-WEST
947,CUST-197,632.54,PAID,LATAM-NORTH
948,CUST-252,588.68,PAID,AP-SOUTH
949,CUST-617,84.39,PENDING,US-WEST
950,CUST-176,1025.21,REFUNDED,US-WEST
951,CUST-384,398.35,REFUNDED,EU-CENTRAL
952,CUST-758,618.18,PAID,LATAM-NORTH
953,CUST-570,984.18,REFUNDED,US-EAST
954,CUST-190,965.49,REFUNDED,AP-SOUTH
955,CUST-609,547.54,REFUNDED,US-EAST
956,CUST-136,141.12,PAID,AP-SOUTH
957,CUST-910,20.2,PENDING,US-EAST
958,CUST-620,1156.54,PENDING,EU-CENTRAL
959,CUST-449,264.08,PENDING,AP-SOUTH
960,CUST-964,993.87,PAID,US-WEST
961,CUST-714,680.98,PAID,LATAM-NORTH
962,CUST-199,864.78,PAID,US-EAST
963,CUST-660,422.8,PAID,EU-CENTRAL
964,CUST-268,848.47,PAID,US-EAST
965,CUST-209,989.77,PAID,AP-SOUTH
966,CUST-972,251.19,PENDING,US-EAST
967,CUST-833,274.4,REFUNDED,US-WEST
968,CUST-147,147.16,PAID,AP-SOUTH
969,CUST-568,931.13,PAID,AP-SOUTH
970,CUST-104,178.87,PENDING,AP-SOUTH
971,CUST-543,888.73,PENDING,LATAM-NORTH
972,CUST-899,589.86,PENDING,LATAM-NORTH
973,CUST-848,836.34,PAID,US-WEST
974,CUST-720,477.14,PAID,LATAM-NORTH
975,CUST-723,1060.04,PENDING,AP-SOUTH
976,CUST-401,342.84,PAID,EU-CENTRAL
977,CUST-816,183.05,PAID,LATAM-NORTH
978,CUST-981,1014.83,PAID,LATAM-NORTH
979,CUST-314,766.45,PENDING,US-WEST
980,CUST-788,862.97,PENDING,EU-CENTRAL
981,CUST-615,1177.98,PAID,US-WEST
982,CUST-675,858.22,PAID,EU-CENTRAL
983,CUST-790,693.35,PENDING,AP-SOUTH
984,CUST-927,357.4,PENDING,AP-SOUTH
985,CUST-490,636.82,PAID,US-EAST
986,CUST-373,810.9,PAID,US-WEST
987,CUST-959,826.4,PAID,US-WEST
988,CUST-133,260.72,PAID,LATAM-NORTH
989,CUST-985,140.93,REFUNDED,LATAM-NORTH
990,CUST-498,896.05,PAID,LATAM-NORTH
991,CUST-809,945.48,PENDING,EU-CENTRAL
992,CUST-526,1113.25,PAID,AP-SOUTH
993,CUST-307,83.49,PENDING,EU-CENTRAL
994,CUST-949,1045.24,PENDING,AP-SOUTH
995,CUST-873,1095.55,PAID,EU-CENTRAL
996,CUST-894,891.37,PENDING,US-WEST
997,CUST-799,367.13,PAID,US-WEST
998,CUST-222,1155.72,PAID,LATAM-NORTH
999,CUST-370,525.64,PAID,LATAM-NORTH
1000,CUST-105,709.1,PAID,EU-CENTRAL
